{"class_name": "Functional", "config": {"name": "U-Net_atts_end", "layers": [{"class_name": "InputLayer", "config": {"batch_input_shape": [null, 64, 64, 1], "dtype": "float32", "sparse": false, "ragged": false, "name": "input_1"}, "name": "input_1", "inbound_nodes": []}, {"class_name": "Conv2D", "config": {"name": "conv2d", "trainable": true, "dtype": "float32", "filters": 64, "kernel_size": [3, 3], "strides": [1, 1], "padding": "same", "data_format": "channels_last", "dilation_rate": [1, 1], "groups": 1, "activation": "linear", "use_bias": true, "kernel_initializer": {"class_name": "GlorotUniform", "config": {"seed": null}}, "bias_initializer": {"class_name": "Zeros", "config": {}}, "kernel_regularizer": null, "bias_regularizer": null, "activity_regularizer": null, "kernel_constraint": null, "bias_constraint": null}, "name": "conv2d", "inbound_nodes": [[["input_1", 0, 0, {}]]]}, {"class_name": "Activation", "config": {"name": "activation", "trainable": true, "dtype": "float32", "activation": "relu"}, "name": "activation", "inbound_nodes": [[["conv2d", 0, 0, {}]]]}, {"class_name": "Conv2D", "config": {"name": "conv2d_1", "trainable": true, "dtype": "float32", "filters": 64, "kernel_size": [3, 3], "strides": [1, 1], "padding": "same", "data_format": "channels_last", "dilation_rate": [1, 1], "groups": 1, "activation": "linear", "use_bias": true, "kernel_initializer": {"class_name": "GlorotUniform", "config": {"seed": null}}, "bias_initializer": {"class_name": "Zeros", "config": {}}, "kernel_regularizer": null, "bias_regularizer": null, "activity_regularizer": null, "kernel_constraint": null, "bias_constraint": null}, "name": "conv2d_1", "inbound_nodes": [[["activation", 0, 0, {}]]]}, {"class_name": "Activation", "config": {"name": "activation_1", "trainable": true, "dtype": "float32", "activation": "relu"}, "name": "activation_1", "inbound_nodes": [[["conv2d_1", 0, 0, {}]]]}, {"class_name": "Conv2D", "config": {"name": "conv2d_2", "trainable": true, "dtype": "float32", "filters": 64, "kernel_size": [3, 3], "strides": [1, 1], "padding": "same", "data_format": "channels_last", "dilation_rate": [1, 1], "groups": 1, "activation": "linear", "use_bias": true, "kernel_initializer": {"class_name": "GlorotUniform", "config": {"seed": null}}, "bias_initializer": {"class_name": "Zeros", "config": {}}, "kernel_regularizer": null, "bias_regularizer": null, "activity_regularizer": null, "kernel_constraint": null, "bias_constraint": null}, "name": "conv2d_2", "inbound_nodes": [[["activation_1", 0, 0, {}]]]}, {"class_name": "Activation", "config": {"name": "activation_2", "trainable": true, "dtype": "float32", "activation": "relu"}, "name": "activation_2", "inbound_nodes": [[["conv2d_2", 0, 0, {}]]]}, {"class_name": "MaxPooling2D", "config": {"name": "max_pooling2d", "trainable": true, "dtype": "float32", "pool_size": [2, 2], "padding": "valid", "strides": [2, 2], "data_format": "channels_last"}, "name": "max_pooling2d", "inbound_nodes": [[["activation_2", 0, 0, {}]]]}, {"class_name": "Conv2D", "config": {"name": "conv2d_3", "trainable": true, "dtype": "float32", "filters": 128, "kernel_size": [3, 3], "strides": [1, 1], "padding": "same", "data_format": "channels_last", "dilation_rate": [1, 1], "groups": 1, "activation": "linear", "use_bias": true, "kernel_initializer": {"class_name": "GlorotUniform", "config": {"seed": null}}, "bias_initializer": {"class_name": "Zeros", "config": {}}, "kernel_regularizer": null, "bias_regularizer": null, "activity_regularizer": null, "kernel_constraint": null, "bias_constraint": null}, "name": "conv2d_3", "inbound_nodes": [[["max_pooling2d", 0, 0, {}]]]}, {"class_name": "Activation", "config": {"name": "activation_3", "trainable": true, "dtype": "float32", "activation": "relu"}, "name": "activation_3", "inbound_nodes": [[["conv2d_3", 0, 0, {}]]]}, {"class_name": "Conv2D", "config": {"name": "conv2d_4", "trainable": true, "dtype": "float32", "filters": 128, "kernel_size": [3, 3], "strides": [1, 1], "padding": "same", "data_format": "channels_last", "dilation_rate": [1, 1], "groups": 1, "activation": "linear", "use_bias": true, "kernel_initializer": {"class_name": "GlorotUniform", "config": {"seed": null}}, "bias_initializer": {"class_name": "Zeros", "config": {}}, "kernel_regularizer": null, "bias_regularizer": null, "activity_regularizer": null, "kernel_constraint": null, "bias_constraint": null}, "name": "conv2d_4", "inbound_nodes": [[["activation_3", 0, 0, {}]]]}, {"class_name": "Activation", "config": {"name": "activation_4", "trainable": true, "dtype": "float32", "activation": "relu"}, "name": "activation_4", "inbound_nodes": [[["conv2d_4", 0, 0, {}]]]}, {"class_name": "Conv2D", "config": {"name": "conv2d_5", "trainable": true, "dtype": "float32", "filters": 128, "kernel_size": [3, 3], "strides": [1, 1], "padding": "same", "data_format": "channels_last", "dilation_rate": [1, 1], "groups": 1, "activation": "linear", "use_bias": true, "kernel_initializer": {"class_name": "GlorotUniform", "config": {"seed": null}}, "bias_initializer": {"class_name": "Zeros", "config": {}}, "kernel_regularizer": null, "bias_regularizer": null, "activity_regularizer": null, "kernel_constraint": null, "bias_constraint": null}, "name": "conv2d_5", "inbound_nodes": [[["activation_4", 0, 0, {}]]]}, {"class_name": "Activation", "config": {"name": "activation_5", "trainable": true, "dtype": "float32", "activation": "relu"}, "name": "activation_5", "inbound_nodes": [[["conv2d_5", 0, 0, {}]]]}, {"class_name": "MaxPooling2D", "config": {"name": "max_pooling2d_1", "trainable": true, "dtype": "float32", "pool_size": [2, 2], "padding": "valid", "strides": [2, 2], "data_format": "channels_last"}, "name": "max_pooling2d_1", "inbound_nodes": [[["activation_5", 0, 0, {}]]]}, {"class_name": "Conv2D", "config": {"name": "conv2d_6", "trainable": true, "dtype": "float32", "filters": 256, "kernel_size": [3, 3], "strides": [1, 1], "padding": "same", "data_format": "channels_last", "dilation_rate": [1, 1], "groups": 1, "activation": "linear", "use_bias": true, "kernel_initializer": {"class_name": "GlorotUniform", "config": {"seed": null}}, "bias_initializer": {"class_name": "Zeros", "config": {}}, "kernel_regularizer": null, "bias_regularizer": null, "activity_regularizer": null, "kernel_constraint": null, "bias_constraint": null}, "name": "conv2d_6", "inbound_nodes": [[["max_pooling2d_1", 0, 0, {}]]]}, {"class_name": "Activation", "config": {"name": "activation_6", "trainable": true, "dtype": "float32", "activation": "relu"}, "name": "activation_6", "inbound_nodes": [[["conv2d_6", 0, 0, {}]]]}, {"class_name": "Conv2D", "config": {"name": "conv2d_7", "trainable": true, "dtype": "float32", "filters": 256, "kernel_size": [3, 3], "strides": [1, 1], "padding": "same", "data_format": "channels_last", "dilation_rate": [1, 1], "groups": 1, "activation": "linear", "use_bias": true, "kernel_initializer": {"class_name": "GlorotUniform", "config": {"seed": null}}, "bias_initializer": {"class_name": "Zeros", "config": {}}, "kernel_regularizer": null, "bias_regularizer": null, "activity_regularizer": null, "kernel_constraint": null, "bias_constraint": null}, "name": "conv2d_7", "inbound_nodes": [[["activation_6", 0, 0, {}]]]}, {"class_name": "Activation", "config": {"name": "activation_7", "trainable": true, "dtype": "float32", "activation": "relu"}, "name": "activation_7", "inbound_nodes": [[["conv2d_7", 0, 0, {}]]]}, {"class_name": "Conv2D", "config": {"name": "conv2d_8", "trainable": true, "dtype": "float32", "filters": 256, "kernel_size": [3, 3], "strides": [1, 1], "padding": "same", "data_format": "channels_last", "dilation_rate": [1, 1], "groups": 1, "activation": "linear", "use_bias": true, "kernel_initializer": {"class_name": "GlorotUniform", "config": {"seed": null}}, "bias_initializer": {"class_name": "Zeros", "config": {}}, "kernel_regularizer": null, "bias_regularizer": null, "activity_regularizer": null, "kernel_constraint": null, "bias_constraint": null}, "name": "conv2d_8", "inbound_nodes": [[["activation_7", 0, 0, {}]]]}, {"class_name": "Activation", "config": {"name": "activation_8", "trainable": true, "dtype": "float32", "activation": "relu"}, "name": "activation_8", "inbound_nodes": [[["conv2d_8", 0, 0, {}]]]}, {"class_name": "MaxPooling2D", "config": {"name": "max_pooling2d_2", "trainable": true, "dtype": "float32", "pool_size": [2, 2], "padding": "valid", "strides": [2, 2], "data_format": "channels_last"}, "name": "max_pooling2d_2", "inbound_nodes": [[["activation_8", 0, 0, {}]]]}, {"class_name": "Conv2D", "config": {"name": "conv2d_9", "trainable": true, "dtype": "float32", "filters": 512, "kernel_size": [3, 3], "strides": [1, 1], "padding": "same", "data_format": "channels_last", "dilation_rate": [1, 1], "groups": 1, "activation": "linear", "use_bias": true, "kernel_initializer": {"class_name": "GlorotUniform", "config": {"seed": null}}, "bias_initializer": {"class_name": "Zeros", "config": {}}, "kernel_regularizer": null, "bias_regularizer": null, "activity_regularizer": null, "kernel_constraint": null, "bias_constraint": null}, "name": "conv2d_9", "inbound_nodes": [[["max_pooling2d_2", 0, 0, {}]]]}, {"class_name": "Activation", "config": {"name": "activation_9", "trainable": true, "dtype": "float32", "activation": "relu"}, "name": "activation_9", "inbound_nodes": [[["conv2d_9", 0, 0, {}]]]}, {"class_name": "Conv2D", "config": {"name": "conv2d_10", "trainable": true, "dtype": "float32", "filters": 512, "kernel_size": [3, 3], "strides": [1, 1], "padding": "same", "data_format": "channels_last", "dilation_rate": [1, 1], "groups": 1, "activation": "linear", "use_bias": true, "kernel_initializer": {"class_name": "GlorotUniform", "config": {"seed": null}}, "bias_initializer": {"class_name": "Zeros", "config": {}}, "kernel_regularizer": null, "bias_regularizer": null, "activity_regularizer": null, "kernel_constraint": null, "bias_constraint": null}, "name": "conv2d_10", "inbound_nodes": [[["activation_9", 0, 0, {}]]]}, {"class_name": "Activation", "config": {"name": "activation_10", "trainable": true, "dtype": "float32", "activation": "relu"}, "name": "activation_10", "inbound_nodes": [[["conv2d_10", 0, 0, {}]]]}, {"class_name": "Conv2D", "config": {"name": "conv2d_11", "trainable": true, "dtype": "float32", "filters": 512, "kernel_size": [3, 3], "strides": [1, 1], "padding": "same", "data_format": "channels_last", "dilation_rate": [1, 1], "groups": 1, "activation": "linear", "use_bias": true, "kernel_initializer": {"class_name": "GlorotUniform", "config": {"seed": null}}, "bias_initializer": {"class_name": "Zeros", "config": {}}, "kernel_regularizer": null, "bias_regularizer": null, "activity_regularizer": null, "kernel_constraint": null, "bias_constraint": null}, "name": "conv2d_11", "inbound_nodes": [[["activation_10", 0, 0, {}]]]}, {"class_name": "Activation", "config": {"name": "activation_11", "trainable": true, "dtype": "float32", "activation": "relu"}, "name": "activation_11", "inbound_nodes": [[["conv2d_11", 0, 0, {}]]]}, {"class_name": "MaxPooling2D", "config": {"name": "max_pooling2d_3", "trainable": true, "dtype": "float32", "pool_size": [2, 2], "padding": "valid", "strides": [2, 2], "data_format": "channels_last"}, "name": "max_pooling2d_3", "inbound_nodes": [[["activation_11", 0, 0, {}]]]}, {"class_name": "Conv2D", "config": {"name": "conv2d_12", "trainable": true, "dtype": "float32", "filters": 512, "kernel_size": [3, 3], "strides": [1, 1], "padding": "same", "data_format": "channels_last", "dilation_rate": [1, 1], "groups": 1, "activation": "linear", "use_bias": true, "kernel_initializer": {"class_name": "GlorotUniform", "config": {"seed": null}}, "bias_initializer": {"class_name": "Zeros", "config": {}}, "kernel_regularizer": null, "bias_regularizer": null, "activity_regularizer": null, "kernel_constraint": null, "bias_constraint": null}, "name": "conv2d_12", "inbound_nodes": [[["max_pooling2d_3", 0, 0, {}]]]}, {"class_name": "Activation", "config": {"name": "activation_12", "trainable": true, "dtype": "float32", "activation": "relu"}, "name": "activation_12", "inbound_nodes": [[["conv2d_12", 0, 0, {}]]]}, {"class_name": "Conv2D", "config": {"name": "conv2d_13", "trainable": true, "dtype": "float32", "filters": 512, "kernel_size": [3, 3], "strides": [1, 1], "padding": "same", "data_format": "channels_last", "dilation_rate": [1, 1], "groups": 1, "activation": "linear", "use_bias": true, "kernel_initializer": {"class_name": "GlorotUniform", "config": {"seed": null}}, "bias_initializer": {"class_name": "Zeros", "config": {}}, "kernel_regularizer": null, "bias_regularizer": null, "activity_regularizer": null, "kernel_constraint": null, "bias_constraint": null}, "name": "conv2d_13", "inbound_nodes": [[["activation_12", 0, 0, {}]]]}, {"class_name": "Activation", "config": {"name": "activation_13", "trainable": true, "dtype": "float32", "activation": "relu"}, "name": "activation_13", "inbound_nodes": [[["conv2d_13", 0, 0, {}]]]}, {"class_name": "Conv2D", "config": {"name": "conv2d_14", "trainable": true, "dtype": "float32", "filters": 512, "kernel_size": [3, 3], "strides": [1, 1], "padding": "same", "data_format": "channels_last", "dilation_rate": [1, 1], "groups": 1, "activation": "linear", "use_bias": true, "kernel_initializer": {"class_name": "GlorotUniform", "config": {"seed": null}}, "bias_initializer": {"class_name": "Zeros", "config": {}}, "kernel_regularizer": null, "bias_regularizer": null, "activity_regularizer": null, "kernel_constraint": null, "bias_constraint": null}, "name": "conv2d_14", "inbound_nodes": [[["activation_13", 0, 0, {}]]]}, {"class_name": "Activation", "config": {"name": "activation_14", "trainable": true, "dtype": "float32", "activation": "relu"}, "name": "activation_14", "inbound_nodes": [[["conv2d_14", 0, 0, {}]]]}, {"class_name": "UpSampling2D", "config": {"name": "up_sampling2d", "trainable": true, "dtype": "float32", "size": [2, 2], "data_format": "channels_last", "interpolation": "nearest"}, "name": "up_sampling2d", "inbound_nodes": [[["activation_14", 0, 0, {}]]]}, {"class_name": "Concatenate", "config": {"name": "concatenate", "trainable": true, "dtype": "float32", "axis": -1}, "name": "concatenate", "inbound_nodes": [[["up_sampling2d", 0, 0, {}], ["activation_11", 0, 0, {}]]]}, {"class_name": "Conv2D", "config": {"name": "conv2d_15", "trainable": true, "dtype": "float32", "filters": 512, "kernel_size": [3, 3], "strides": [1, 1], "padding": "same", "data_format": "channels_last", "dilation_rate": [1, 1], "groups": 1, "activation": "linear", "use_bias": true, "kernel_initializer": {"class_name": "GlorotUniform", "config": {"seed": null}}, "bias_initializer": {"class_name": "Zeros", "config": {}}, "kernel_regularizer": null, "bias_regularizer": null, "activity_regularizer": null, "kernel_constraint": null, "bias_constraint": null}, "name": "conv2d_15", "inbound_nodes": [[["concatenate", 0, 0, {}]]]}, {"class_name": "Activation", "config": {"name": "activation_15", "trainable": true, "dtype": "float32", "activation": "relu"}, "name": "activation_15", "inbound_nodes": [[["conv2d_15", 0, 0, {}]]]}, {"class_name": "Conv2D", "config": {"name": "conv2d_16", "trainable": true, "dtype": "float32", "filters": 512, "kernel_size": [3, 3], "strides": [1, 1], "padding": "same", "data_format": "channels_last", "dilation_rate": [1, 1], "groups": 1, "activation": "linear", "use_bias": true, "kernel_initializer": {"class_name": "GlorotUniform", "config": {"seed": null}}, "bias_initializer": {"class_name": "Zeros", "config": {}}, "kernel_regularizer": null, "bias_regularizer": null, "activity_regularizer": null, "kernel_constraint": null, "bias_constraint": null}, "name": "conv2d_16", "inbound_nodes": [[["activation_15", 0, 0, {}]]]}, {"class_name": "Activation", "config": {"name": "activation_16", "trainable": true, "dtype": "float32", "activation": "relu"}, "name": "activation_16", "inbound_nodes": [[["conv2d_16", 0, 0, {}]]]}, {"class_name": "Conv2D", "config": {"name": "conv2d_17", "trainable": true, "dtype": "float32", "filters": 512, "kernel_size": [3, 3], "strides": [1, 1], "padding": "same", "data_format": "channels_last", "dilation_rate": [1, 1], "groups": 1, "activation": "linear", "use_bias": true, "kernel_initializer": {"class_name": "GlorotUniform", "config": {"seed": null}}, "bias_initializer": {"class_name": "Zeros", "config": {}}, "kernel_regularizer": null, "bias_regularizer": null, "activity_regularizer": null, "kernel_constraint": null, "bias_constraint": null}, "name": "conv2d_17", "inbound_nodes": [[["activation_16", 0, 0, {}]]]}, {"class_name": "Activation", "config": {"name": "activation_17", "trainable": true, "dtype": "float32", "activation": "relu"}, "name": "activation_17", "inbound_nodes": [[["conv2d_17", 0, 0, {}]]]}, {"class_name": "UpSampling2D", "config": {"name": "up_sampling2d_1", "trainable": true, "dtype": "float32", "size": [2, 2], "data_format": "channels_last", "interpolation": "nearest"}, "name": "up_sampling2d_1", "inbound_nodes": [[["activation_17", 0, 0, {}]]]}, {"class_name": "Concatenate", "config": {"name": "concatenate_1", "trainable": true, "dtype": "float32", "axis": -1}, "name": "concatenate_1", "inbound_nodes": [[["up_sampling2d_1", 0, 0, {}], ["activation_8", 0, 0, {}]]]}, {"class_name": "Conv2D", "config": {"name": "conv2d_18", "trainable": true, "dtype": "float32", "filters": 256, "kernel_size": [3, 3], "strides": [1, 1], "padding": "same", "data_format": "channels_last", "dilation_rate": [1, 1], "groups": 1, "activation": "linear", "use_bias": true, "kernel_initializer": {"class_name": "GlorotUniform", "config": {"seed": null}}, "bias_initializer": {"class_name": "Zeros", "config": {}}, "kernel_regularizer": null, "bias_regularizer": null, "activity_regularizer": null, "kernel_constraint": null, "bias_constraint": null}, "name": "conv2d_18", "inbound_nodes": [[["concatenate_1", 0, 0, {}]]]}, {"class_name": "Activation", "config": {"name": "activation_18", "trainable": true, "dtype": "float32", "activation": "relu"}, "name": "activation_18", "inbound_nodes": [[["conv2d_18", 0, 0, {}]]]}, {"class_name": "Conv2D", "config": {"name": "conv2d_19", "trainable": true, "dtype": "float32", "filters": 256, "kernel_size": [3, 3], "strides": [1, 1], "padding": "same", "data_format": "channels_last", "dilation_rate": [1, 1], "groups": 1, "activation": "linear", "use_bias": true, "kernel_initializer": {"class_name": "GlorotUniform", "config": {"seed": null}}, "bias_initializer": {"class_name": "Zeros", "config": {}}, "kernel_regularizer": null, "bias_regularizer": null, "activity_regularizer": null, "kernel_constraint": null, "bias_constraint": null}, "name": "conv2d_19", "inbound_nodes": [[["activation_18", 0, 0, {}]]]}, {"class_name": "Activation", "config": {"name": "activation_19", "trainable": true, "dtype": "float32", "activation": "relu"}, "name": "activation_19", "inbound_nodes": [[["conv2d_19", 0, 0, {}]]]}, {"class_name": "Conv2D", "config": {"name": "conv2d_20", "trainable": true, "dtype": "float32", "filters": 256, "kernel_size": [3, 3], "strides": [1, 1], "padding": "same", "data_format": "channels_last", "dilation_rate": [1, 1], "groups": 1, "activation": "linear", "use_bias": true, "kernel_initializer": {"class_name": "GlorotUniform", "config": {"seed": null}}, "bias_initializer": {"class_name": "Zeros", "config": {}}, "kernel_regularizer": null, "bias_regularizer": null, "activity_regularizer": null, "kernel_constraint": null, "bias_constraint": null}, "name": "conv2d_20", "inbound_nodes": [[["activation_19", 0, 0, {}]]]}, {"class_name": "Activation", "config": {"name": "activation_20", "trainable": true, "dtype": "float32", "activation": "relu"}, "name": "activation_20", "inbound_nodes": [[["conv2d_20", 0, 0, {}]]]}, {"class_name": "UpSampling2D", "config": {"name": "up_sampling2d_2", "trainable": true, "dtype": "float32", "size": [2, 2], "data_format": "channels_last", "interpolation": "nearest"}, "name": "up_sampling2d_2", "inbound_nodes": [[["activation_20", 0, 0, {}]]]}, {"class_name": "Concatenate", "config": {"name": "concatenate_2", "trainable": true, "dtype": "float32", "axis": -1}, "name": "concatenate_2", "inbound_nodes": [[["up_sampling2d_2", 0, 0, {}], ["activation_5", 0, 0, {}]]]}, {"class_name": "Conv2D", "config": {"name": "conv2d_21", "trainable": true, "dtype": "float32", "filters": 128, "kernel_size": [3, 3], "strides": [1, 1], "padding": "same", "data_format": "channels_last", "dilation_rate": [1, 1], "groups": 1, "activation": "linear", "use_bias": true, "kernel_initializer": {"class_name": "GlorotUniform", "config": {"seed": null}}, "bias_initializer": {"class_name": "Zeros", "config": {}}, "kernel_regularizer": null, "bias_regularizer": null, "activity_regularizer": null, "kernel_constraint": null, "bias_constraint": null}, "name": "conv2d_21", "inbound_nodes": [[["concatenate_2", 0, 0, {}]]]}, {"class_name": "Activation", "config": {"name": "activation_21", "trainable": true, "dtype": "float32", "activation": "relu"}, "name": "activation_21", "inbound_nodes": [[["conv2d_21", 0, 0, {}]]]}, {"class_name": "Conv2D", "config": {"name": "conv2d_22", "trainable": true, "dtype": "float32", "filters": 128, "kernel_size": [3, 3], "strides": [1, 1], "padding": "same", "data_format": "channels_last", "dilation_rate": [1, 1], "groups": 1, "activation": "linear", "use_bias": true, "kernel_initializer": {"class_name": "GlorotUniform", "config": {"seed": null}}, "bias_initializer": {"class_name": "Zeros", "config": {}}, "kernel_regularizer": null, "bias_regularizer": null, "activity_regularizer": null, "kernel_constraint": null, "bias_constraint": null}, "name": "conv2d_22", "inbound_nodes": [[["activation_21", 0, 0, {}]]]}, {"class_name": "Activation", "config": {"name": "activation_22", "trainable": true, "dtype": "float32", "activation": "relu"}, "name": "activation_22", "inbound_nodes": [[["conv2d_22", 0, 0, {}]]]}, {"class_name": "Conv2D", "config": {"name": "conv2d_23", "trainable": true, "dtype": "float32", "filters": 128, "kernel_size": [3, 3], "strides": [1, 1], "padding": "same", "data_format": "channels_last", "dilation_rate": [1, 1], "groups": 1, "activation": "linear", "use_bias": true, "kernel_initializer": {"class_name": "GlorotUniform", "config": {"seed": null}}, "bias_initializer": {"class_name": "Zeros", "config": {}}, "kernel_regularizer": null, "bias_regularizer": null, "activity_regularizer": null, "kernel_constraint": null, "bias_constraint": null}, "name": "conv2d_23", "inbound_nodes": [[["activation_22", 0, 0, {}]]]}, {"class_name": "Activation", "config": {"name": "activation_23", "trainable": true, "dtype": "float32", "activation": "relu"}, "name": "activation_23", "inbound_nodes": [[["conv2d_23", 0, 0, {}]]]}, {"class_name": "UpSampling2D", "config": {"name": "up_sampling2d_3", "trainable": true, "dtype": "float32", "size": [2, 2], "data_format": "channels_last", "interpolation": "nearest"}, "name": "up_sampling2d_3", "inbound_nodes": [[["activation_23", 0, 0, {}]]]}, {"class_name": "Concatenate", "config": {"name": "concatenate_3", "trainable": true, "dtype": "float32", "axis": -1}, "name": "concatenate_3", "inbound_nodes": [[["up_sampling2d_3", 0, 0, {}], ["activation_2", 0, 0, {}]]]}, {"class_name": "Conv2D", "config": {"name": "conv2d_24", "trainable": true, "dtype": "float32", "filters": 64, "kernel_size": [3, 3], "strides": [1, 1], "padding": "same", "data_format": "channels_last", "dilation_rate": [1, 1], "groups": 1, "activation": "linear", "use_bias": true, "kernel_initializer": {"class_name": "GlorotUniform", "config": {"seed": null}}, "bias_initializer": {"class_name": "Zeros", "config": {}}, "kernel_regularizer": null, "bias_regularizer": null, "activity_regularizer": null, "kernel_constraint": null, "bias_constraint": null}, "name": "conv2d_24", "inbound_nodes": [[["concatenate_3", 0, 0, {}]]]}, {"class_name": "Activation", "config": {"name": "activation_24", "trainable": true, "dtype": "float32", "activation": "relu"}, "name": "activation_24", "inbound_nodes": [[["conv2d_24", 0, 0, {}]]]}, {"class_name": "Conv2D", "config": {"name": "conv2d_25", "trainable": true, "dtype": "float32", "filters": 64, "kernel_size": [3, 3], "strides": [1, 1], "padding": "same", "data_format": "channels_last", "dilation_rate": [1, 1], "groups": 1, "activation": "linear", "use_bias": true, "kernel_initializer": {"class_name": "GlorotUniform", "config": {"seed": null}}, "bias_initializer": {"class_name": "Zeros", "config": {}}, "kernel_regularizer": null, "bias_regularizer": null, "activity_regularizer": null, "kernel_constraint": null, "bias_constraint": null}, "name": "conv2d_25", "inbound_nodes": [[["activation_24", 0, 0, {}]]]}, {"class_name": "Activation", "config": {"name": "activation_25", "trainable": true, "dtype": "float32", "activation": "relu"}, "name": "activation_25", "inbound_nodes": [[["conv2d_25", 0, 0, {}]]]}, {"class_name": "Conv2D", "config": {"name": "conv2d_26", "trainable": true, "dtype": "float32", "filters": 64, "kernel_size": [3, 3], "strides": [1, 1], "padding": "same", "data_format": "channels_last", "dilation_rate": [1, 1], "groups": 1, "activation": "linear", "use_bias": true, "kernel_initializer": {"class_name": "GlorotUniform", "config": {"seed": null}}, "bias_initializer": {"class_name": "Zeros", "config": {}}, "kernel_regularizer": null, "bias_regularizer": null, "activity_regularizer": null, "kernel_constraint": null, "bias_constraint": null}, "name": "conv2d_26", "inbound_nodes": [[["activation_25", 0, 0, {}]]]}, {"class_name": "Activation", "config": {"name": "activation_26", "trainable": true, "dtype": "float32", "activation": "relu"}, "name": "activation_26", "inbound_nodes": [[["conv2d_26", 0, 0, {}]]]}, {"class_name": "GlobalAveragePooling2D", "config": {"name": "global_average_pooling2d", "trainable": true, "dtype": "float32", "data_format": "channels_last", "keepdims": false}, "name": "global_average_pooling2d", "inbound_nodes": [[["activation_26", 0, 0, {}]]]}, {"class_name": "TFOpLambda", "config": {"name": "tf.reshape", "trainable": true, "dtype": "float32", "function": "reshape"}, "name": "tf.reshape", "inbound_nodes": [["global_average_pooling2d", 0, 0, {"shape": [-1, 1, 1, 64]}]]}, {"class_name": "Conv2D", "config": {"name": "conv2d_27", "trainable": true, "dtype": "float32", "filters": 8, "kernel_size": [1, 1], "strides": [1, 1], "padding": "valid", "data_format": "channels_last", "dilation_rate": [1, 1], "groups": 1, "activation": "relu", "use_bias": true, "kernel_initializer": {"class_name": "GlorotUniform", "config": {"seed": null}}, "bias_initializer": {"class_name": "Zeros", "config": {}}, "kernel_regularizer": null, "bias_regularizer": null, "activity_regularizer": null, "kernel_constraint": null, "bias_constraint": null}, "name": "conv2d_27", "inbound_nodes": [[["tf.reshape", 0, 0, {}]]]}, {"class_name": "Conv2D", "config": {"name": "conv2d_28", "trainable": true, "dtype": "float32", "filters": 64, "kernel_size": [1, 1], "strides": [1, 1], "padding": "valid", "data_format": "channels_last", "dilation_rate": [1, 1], "groups": 1, "activation": "sigmoid", "use_bias": true, "kernel_initializer": {"class_name": "GlorotUniform", "config": {"seed": null}}, "bias_initializer": {"class_name": "Zeros", "config": {}}, "kernel_regularizer": null, "bias_regularizer": null, "activity_regularizer": null, "kernel_constraint": null, "bias_constraint": null}, "name": "conv2d_28", "inbound_nodes": [[["conv2d_27", 0, 0, {}]]]}, {"class_name": "TFOpLambda", "config": {"name": "tf.math.multiply", "trainable": true, "dtype": "float32", "function": "math.multiply"}, "name": "tf.math.multiply", "inbound_nodes": [["activation_26", 0, 0, {"y": ["conv2d_28", 0, 0]}]]}, {"class_name": "TFOpLambda", "config": {"name": "tf.math.reduce_max", "trainable": true, "dtype": "float32", "function": "math.reduce_max"}, "name": "tf.math.reduce_max", "inbound_nodes": [["tf.math.multiply", 0, 0, {"axis": -1}]]}, {"class_name": "TFOpLambda", "config": {"name": "tf.math.reduce_mean", "trainable": true, "dtype": "float32", "function": "math.reduce_mean"}, "name": "tf.math.reduce_mean", "inbound_nodes": [["activation_26", 0, 0, {"axis": -1}]]}, {"class_name": "TFOpLambda", "config": {"name": "tf.expand_dims", "trainable": true, "dtype": "float32", "function": "expand_dims"}, "name": "tf.expand_dims", "inbound_nodes": [["tf.math.reduce_max", 0, 0, {"axis": -1}]]}, {"class_name": "TFOpLambda", "config": {"name": "tf.expand_dims_1", "trainable": true, "dtype": "float32", "function": "expand_dims"}, "name": "tf.expand_dims_1", "inbound_nodes": [["tf.math.reduce_mean", 0, 0, {"axis": -1}]]}, {"class_name": "Concatenate", "config": {"name": "concatenate_4", "trainable": true, "dtype": "float32", "axis": -1}, "name": "concatenate_4", "inbound_nodes": [[["tf.expand_dims", 0, 0, {}], ["tf.expand_dims_1", 0, 0, {}]]]}, {"class_name": "Conv2D", "config": {"name": "conv2d_29", "trainable": true, "dtype": "float32", "filters": 1, "kernel_size": [1, 1], "strides": [1, 1], "padding": "valid", "data_format": "channels_last", "dilation_rate": [1, 1], "groups": 1, "activation": "linear", "use_bias": true, "kernel_initializer": {"class_name": "GlorotUniform", "config": {"seed": null}}, "bias_initializer": {"class_name": "Zeros", "config": {}}, "kernel_regularizer": null, "bias_regularizer": null, "activity_regularizer": null, "kernel_constraint": null, "bias_constraint": null}, "name": "conv2d_29", "inbound_nodes": [[["concatenate_4", 0, 0, {}]]]}, {"class_name": "TFOpLambda", "config": {"name": "tf.math.sigmoid", "trainable": true, "dtype": "float32", "function": "math.sigmoid"}, "name": "tf.math.sigmoid", "inbound_nodes": [["conv2d_29", 0, 0, {}]]}, {"class_name": "TFOpLambda", "config": {"name": "tf.math.multiply_1", "trainable": true, "dtype": "float32", "function": "math.multiply"}, "name": "tf.math.multiply_1", "inbound_nodes": [["tf.math.multiply", 0, 0, {"y": ["tf.math.sigmoid", 0, 0]}]]}, {"class_name": "Conv2D", "config": {"name": "conv2d_30", "trainable": true, "dtype": "float32", "filters": 1, "kernel_size": [1, 1], "strides": [1, 1], "padding": "same", "data_format": "channels_last", "dilation_rate": [1, 1], "groups": 1, "activation": "sigmoid", "use_bias": true, "kernel_initializer": {"class_name": "GlorotUniform", "config": {"seed": null}}, "bias_initializer": {"class_name": "Zeros", "config": {}}, "kernel_regularizer": null, "bias_regularizer": null, "activity_regularizer": null, "kernel_constraint": null, "bias_constraint": null}, "name": "conv2d_30", "inbound_nodes": [[["tf.math.multiply_1", 0, 0, {}]]]}, {"class_name": "Add", "config": {"name": "add", "trainable": true, "dtype": "float32"}, "name": "add", "inbound_nodes": [[["input_1", 0, 0, {}], ["conv2d_30", 0, 0, {}]]]}], "input_layers": [["input_1", 0, 0]], "output_layers": [["add", 0, 0]]}, "keras_version": "2.6.0", "backend": "tensorflow"}